"","LIT_Strat","emmean","SE","df","asymp.LCL","asymp.UCL"
"1","MDC_a.Low",0.986027344751279,0.392919815564475,NA,0.215918657432787,1.75613603206977
"2","MDC_b.Med",2.95559824344883,0.568161114606034,NA,1.84202292140487,4.06917356549279
"3","MDC_c.High",7.65770673589205,0.532982369213398,NA,6.61308048783896,8.70233298394514
"4","PIX_a.Low",24.6016209549251,0.666227961516748,NA,23.2958381448588,25.9074037649915
"5","PIX_b.Med",51.7241291631743,1.08794570539375,NA,49.5917947634676,53.8564635628811
"6","PIX_c.High",168.124844722752,1.08794570539375,NA,165.992510323045,170.257179122459
"7","SLW_a.Low",12.5904341403178,1.5385875716934,NA,9.57485791273775,15.6060103678978
"8","SLW_c.High",13.4434206900775,2.66491184606699,NA,8.22028944981207,18.666551930343
