"","LIT_Strat","emmean","SE","df","asymp.LCL","asymp.UCL"
"1","CLS_a.Low",3.04590131692684,0.245792116451043,NA,2.56415762099892,3.52764501285476
"2","CLS_b.Med",5.13534628207785,0.249855071310949,NA,4.64563934095371,5.625053223202
"3","CLS_c.High",5.56841412468829,0.23822746322828,NA,5.10149687663253,6.03533137274406
"4","SAC_a.Low",3.40012237747783,0.291767863813464,NA,2.82826787255725,3.97197688239841
"5","SAC_b.Med",4.60510066253145,0.263370370095464,NA,4.08890422254935,5.12129710251354
"6","SAC_c.High",5.17427290906317,0.291767863813464,NA,4.60241840414259,5.74612741398375
"7","SLW_a.Low",3.90990543857899,0.483842265076387,NA,2.96159202483099,4.85821885232699
"8","SLW_b.Med",4.30863334921893,0.456170862213563,NA,3.41455488848377,5.2027118099541
"9","SLW_c.High",5.9579229283855,0.55869292397434,NA,4.86290491897842,7.05294093779258
